剧名,url,最近更新,付费集数,UID数量,弹幕ID_source1+4,播放量,收藏数,评论数,投喂数,实际付费人数,抓取错误,付费集数2,付费集数周增,付费集数周增率,UID数量2,UID数量周增,UID数量周增率,弹幕ID_source1+42,弹幕ID_source1+4周增,弹幕ID_source1+4周增率,播放量2,播放量周增,播放量周增率,收藏数2,收藏数周增,收藏数周增率,评论数2,评论数周增,评论数周增率,投喂数2,投喂数周增,投喂数周增率,实际付费人数2,实际付费人数周增,实际付费人数周增率
尾钩,https://www.kilamanbo.world/web_manbo/dramaDetail?dramaId=2235647356781461610,第3集·Love,2,1388,1026,774807,50693,5752,610164,18343,,2,0.0,0.0,1395,7.0,0.005043227665706052,1029,3.0,0.0029239766081871343,784487,9680.0,0.01249343384868748,51042,349.0,0.006884579725011343,5769,17.0,0.0029554937413073714,610174,10.0,1.63890363902164e-05,18486,143.0,0.007795889440113395
,,,,,,,,,,,,,,,,,,,,,,,,,,,,,,,,,,,
点火樱桃,https://www.kilamanbo.world/web_manbo/dramaDetail?dramaId=2232488034673098799,广播剧《点火樱桃》 [ 🥮 ]  月亮代表我的心,17,1204,1011,1359247,22915,3849,2044560,6269,,17,0.0,0.0,1230,26.0,0.02159468438538206,1028,17.0,0.016815034619188922,1417100,57853.0,0.04256253646320352,23150,235.0,0.010255291293912285,3870,21.0,0.005455962587685113,2054340,9780.0,0.004783425284657823,6413,144.0,0.022970170681129366
相欺,https://www.kilamanbo.world/web_manbo/dramaDetail?dramaId=2245742982353387580,◆小剧场 ·「家庭婚姻经营手册」◆,16,1225,999,1013509,27657,9782,7276159,7627,,22,6.0,0.375,1421,196.0,0.16,1154,155.0,0.15515515515515516,1214195,200686.0,0.19801106847595829,29905,2248.0,0.08128141157753914,10375,593.0,0.06062154978531997,7563660,287501.0,0.039512742918344695,8637,1010.0,0.1324242821555002
浮生梦,https://www.kilamanbo.world/web_manbo/dramaDetail?dramaId=2254221037342294205,角色彩蛋区·梁祯·lv3,3,1101,802,671323,21610,5044,3131908,11424,,4,1.0,0.3333333333333333,1357,256.0,0.23251589464123523,982,180.0,0.22443890274314215,798334,127011.0,0.18919506705416023,22671,1061.0,0.04909763998149005,5508,464.0,0.09199048374306107,3461641,329733.0,0.10528182820185011,12225,801.0,0.0701155462184874
至死不渝,https://www.kilamanbo.com/web_manbo/dramaDetail?dramaId=2217131185832722535,🎵原创配乐·你是我所有的渴望,24,616,495,1229811,19866,5715,866283,3978,,24,0.0,0.0,628,12.0,0.01948051948051948,504,9.0,0.01818181818181818,1259588,29777.0,0.024212663571882183,20003,137.0,0.006896204570623175,5750,35.0,0.006124234470691163,871254,4971.0,0.005738309536260091,4025,47.0,0.011814982403217697
喜欢的人有男友了,https://www.kilamanbo.world/web_manbo/dramaDetail?dramaId=2249708156290597093,第八回·窝里开撕放狠话，痴男破防全白搭,5,397,341,136102,8707,1331,223023,1570,,6,1.0,0.2,425,28.0,0.07052896725440806,363,22.0,0.06451612903225806,150600,14498.0,0.10652304888980324,9190,483.0,0.05547260824623866,1410,79.0,0.059353869271224644,230390,7367.0,0.033032467503351676,1650,80.0,0.050955414012738856
,,,,,,,,,,,,,,,,,,,,,,,,,,,,,,,,,,,
靡言,https://www.kilamanbo.com/web_manbo/dramaDetail?dramaId=2188837813892415606,1500w播放彩蛋·烦恼热线,27,6134,4405,15263896,65800,19099,12816090,0,,27,0.0,0.0,6204,70.0,0.011411803064884252,4452,47.0,0.010669693530079455,15678026,414130.0,0.027131343138082176,66474,674.0,0.010243161094224924,19131,32.0,0.0016754803916435416,12819256,3166.0,0.00024703322152076025,0,0.0,
学不乖,https://www.kilamanbo.world/web_manbo/dramaDetail?dramaId=2235627191910006844,第十二集·奋不顾身,8,118,81,134059,9931,731,48112,0,,10,2.0,0.25,133,15.0,0.1271186440677966,93,12.0,0.14814814814814814,145341,11282.0,0.08415697565997061,10154,223.0,0.022454939079649582,751,20.0,0.027359781121751026,48451,339.0,0.007046059195211174,0,0.0,
逆转巡航,https://www.kilamanbo.world/web_manbo/dramaDetail?dramaId=2237792624226336834,小剧场🚢点外卖,10,122,89,95992,5757,419,14823,0,,11,1.0,0.1,153,31.0,0.2540983606557377,115,26.0,0.29213483146067415,113250,17258.0,0.17978581548462372,5986,229.0,0.039777661976723985,485,66.0,0.1575178997613365,16049,1226.0,0.0827093031100317,0,0.0,
007通关怪谈,https://www.kilamanbo.world/web_manbo/dramaDetail?dramaId=2246032965660311602,花絮3 | 你们这样太癫了,11,67,44,31247,1397,304,5530,0,,11,0.0,0.0,72,5.0,0.07462686567164178,48,4.0,0.09090909090909091,34472,3225.0,0.10320990815118251,1457,60.0,0.04294917680744453,310,6.0,0.019736842105263157,5530,0.0,0.0,0,0.0,
,,,,,,,,,,,,,,,,,,,,,,,,,,,,,,,,,,,
干涸地,https://www.kilamanbo.com/web_manbo/dramaDetail?dramaId=2182687618293039383,🎊角色彩蛋区·Lv5·方逢至,67,10005,6763,12348969,113773,18625,2558455,0,,67,0.0,0.0,10104,99.0,0.009895052473763119,6833,70.0,0.010350436196954015,12507003,158034.0,0.012797343648688404,114648,875.0,0.007690752639026834,18683,58.0,0.0031140939597315434,2599519,41064.0,0.016050311613845073,0,0.0,
竭泽而渔,https://www.kilamanbo.world/web_manbo/dramaDetail?dramaId=2249820053073559614,竭泽而渔 51 现在不需要了，扔了吧,36,563,467,382875,11881,2436,206064,0,,43,7.0,0.19444444444444445,602,39.0,0.06927175843694494,502,35.0,0.07494646680942184,440478,57603.0,0.15044857982370224,12601,720.0,0.06060095951519232,2660,224.0,0.09195402298850575,214254,8190.0,0.03974493361285814,0,0.0,
,,,,,,,,,,,,,,,,,,,,,,,,,,,,,,,,,,,
忏悔地,https://www.kilamanbo.com/web_manbo/dramaDetail?dramaId=2174449355623235622,【300w】国庆小剧场,68,840,727,3063638,20574,4550,1500566,0,,68,0.0,0.0,852,12.0,0.014285714285714285,737,10.0,0.013755158184319119,3171866,108228.0,0.03532662801545091,20673,99.0,0.004811898512685914,4571,21.0,0.004615384615384616,1500626,60.0,3.998491235973626e-05,0,0.0,
丙丁神通,https://www.kilamanbo.com/web_manbo/dramaDetail?dramaId=2225949217547878475,中秋快乐🌕️番外一·糖豆与餐蛋面 🍳,56,1086,953,2323296,23769,5274,3494465,7023,,56,0.0,0.0,1095,9.0,0.008287292817679558,961,8.0,0.008394543546694649,2387026,63730.0,0.027430856851645247,23853,84.0,0.003534014893348479,5281,7.0,0.0013272658323852863,3495320,855.0,0.00024467264659969407,7089,66.0,0.009397693293464331
,,,,,,,,,,,,,,,,,,,,,,,,,,,,,,,,,,,
小潭山,https://www.kilamanbo.world/web_manbo/dramaDetail?dramaId=2238948515889807453,角色彩蛋区·Lv4·谭又明,68,9784,6501,13086750,129973,37656,17441671,66380,,75,7.0,0.10294117647058823,11611,1827.0,0.18673344235486508,7854,1353.0,0.20812182741116753,14942079,1855329.0,0.1417715628402774,136756,6783.0,0.05218776207366145,43567,5911.0,0.15697365625663906,19092280,1650609.0,0.09463594399871435,72189,5809.0,0.08751129858391081
搭界,https://www.kilamanbo.com/web_manbo/dramaDetail?dramaId=2196712473220874328,✧这是我们路最棒的厨子！,72,771,652,1067384,17908,4075,1006760,4542,,76,4.0,0.05555555555555555,824,53.0,0.06874189364461739,698,46.0,0.0705521472392638,1160051,92667.0,0.0868169281158421,18290,382.0,0.021331248603975877,4362,287.0,0.07042944785276073,1036768,30008.0,0.02980650800588025,4762,220.0,0.048436811977102597
