剧名,url,最近更新,付费集数,UID数量,弹幕ID_source1+4,播放量,收藏数,评论数,投喂数,实际付费人数,抓取错误
尾钩,https://www.kilamanbo.world/web_manbo/dramaDetail?dramaId=2235647356781461610,第3集·Love,2,1395,1029,784487,51042,5769,610174,18486,
,,,,,,,,,,,
点火樱桃,https://www.kilamanbo.world/web_manbo/dramaDetail?dramaId=2232488034673098799,广播剧《点火樱桃》 [ 🥮 ]  月亮代表我的心,17,1230,1028,1417100,23150,3870,2054340,6413,
相欺,https://www.kilamanbo.world/web_manbo/dramaDetail?dramaId=2245742982353387580,◆小剧场 ·「家庭婚姻经营手册」◆,22,1421,1154,1214195,29905,10375,7563660,8637,
浮生梦,https://www.kilamanbo.world/web_manbo/dramaDetail?dramaId=2254221037342294205,角色彩蛋区·梁祯·lv3,4,1357,982,798334,22671,5508,3461641,12225,
至死不渝,https://www.kilamanbo.com/web_manbo/dramaDetail?dramaId=2217131185832722535,🎵原创配乐·你是我所有的渴望,24,628,504,1259588,20003,5750,871254,4025,
喜欢的人有男友了,https://www.kilamanbo.world/web_manbo/dramaDetail?dramaId=2249708156290597093,第八回·窝里开撕放狠话，痴男破防全白搭,6,425,363,150600,9190,1410,230390,1650,
,,,,,,,,,,,
靡言,https://www.kilamanbo.com/web_manbo/dramaDetail?dramaId=2188837813892415606,1500w播放彩蛋·烦恼热线,27,6204,4452,15678026,66474,19131,12819256,0,
学不乖,https://www.kilamanbo.world/web_manbo/dramaDetail?dramaId=2235627191910006844,第十二集·奋不顾身,10,133,93,145341,10154,751,48451,0,
逆转巡航,https://www.kilamanbo.world/web_manbo/dramaDetail?dramaId=2237792624226336834,小剧场🚢点外卖,11,153,115,113250,5986,485,16049,0,
007通关怪谈,https://www.kilamanbo.world/web_manbo/dramaDetail?dramaId=2246032965660311602,花絮3 | 你们这样太癫了,11,72,48,34472,1457,310,5530,0,
,,,,,,,,,,,
干涸地,https://www.kilamanbo.com/web_manbo/dramaDetail?dramaId=2182687618293039383,🎊角色彩蛋区·Lv5·方逢至,67,10104,6833,12507003,114648,18683,2599519,0,
竭泽而渔,https://www.kilamanbo.world/web_manbo/dramaDetail?dramaId=2249820053073559614,竭泽而渔 51 现在不需要了，扔了吧,43,602,502,440478,12601,2660,214254,0,
,,,,,,,,,,,
忏悔地,https://www.kilamanbo.com/web_manbo/dramaDetail?dramaId=2174449355623235622,【300w】国庆小剧场,68,852,737,3171866,20673,4571,1500626,0,
丙丁神通,https://www.kilamanbo.com/web_manbo/dramaDetail?dramaId=2225949217547878475,中秋快乐🌕️番外一·糖豆与餐蛋面 🍳,56,1095,961,2387026,23853,5281,3495320,7089,
,,,,,,,,,,,
小潭山,https://www.kilamanbo.world/web_manbo/dramaDetail?dramaId=2238948515889807453,角色彩蛋区·Lv4·谭又明,75,11611,7854,14942079,136756,43567,19092280,72189,
搭界,https://www.kilamanbo.com/web_manbo/dramaDetail?dramaId=2196712473220874328,✧这是我们路最棒的厨子！,76,824,698,1160051,18290,4362,1036768,4762,
