剧名,url,更新集数,付费集数,id,总弹幕,播放量,追剧人数,抓取错误,id2,总弹幕2,追剧人数2,播放量2,ID周增,总弹幕周增,追剧周增,播放周增,追剧周增率,播放周增率,比例差,本周ID活跃比
回信,85974.0,OST A12 · 暗恋基本法,41.0,16393.0,138870.0,56190861.0,581031.0,,16393.0,138870.0,581031.0,56190861.0,0.0,0.0,0.0,0.0,0.0,0.0,,0.028213640924494562
情蛊,86178.0,4000w福利·山大王,49.0,34320.0,459959.0,42889484.0,456772.0,,34320.0,459959.0,456772.0,42889484.0,0.0,0.0,0.0,0.0,0.0,0.0,,0.07513595404271715
失忆后死对头成了我男朋友？,86693.0,花絮15·恢复,20.0,4949.0,83564.0,5679087.0,105974.0,,4949.0,83564.0,105974.0,5679087.0,0.0,0.0,0.0,0.0,0.0,0.0,,0.04670013399513088
奇洛李维斯回信 番外篇,93420.0,番外 ·  庆生宴,2.0,3502.0,13148.0,1284410.0,77934.0,,3502.0,13148.0,77934.0,1284410.0,0.0,0.0,0.0,0.0,0.0,0.0,,0.044935458208227474
,nan,,,,,,,无法识别 drama_id,,,,,,,,,,,,
一屋暗灯,93038.0,主役版主题曲▪未说的,14.0,16424.0,273619.0,13529978.0,210998.0,,16424.0,273619.0,210998.0,13529978.0,0.0,0.0,0.0,0.0,0.0,0.0,,0.077839600375359
洄天 1,86815.0,完结语音 · 高能量S级监护人的一天,14.0,11488.0,191448.0,28669397.0,249431.0,,11488.0,191448.0,249431.0,28669397.0,0.0,0.0,0.0,0.0,0.0,0.0,,0.04605682533446123
惊封4,86834.0,特别放送 · emoji大挑战,15.0,9722.0,141781.0,8357749.0,147940.0,,9722.0,141781.0,147940.0,8357749.0,0.0,0.0,0.0,0.0,0.0,0.0,,0.06571583074219278
一颗苹果,90818.0,完结FT · 谢谢光临,35.0,6227.0,118824.0,14248720.0,168637.0,,6227.0,118824.0,168637.0,14248720.0,0.0,0.0,0.0,0.0,0.0,0.0,,0.03692546712761731
于是麦麦（注意限免）,86179.0,程凛生日番外✦礼物,34.0,6456.0,112566.0,6241677.0,115305.0,,6456.0,112566.0,115305.0,6241677.0,0.0,0.0,0.0,0.0,0.0,0.0,,0.05599063353714063
再世3上,86827.0,花絮04 · 谢谢谢谢,10.0,3255.0,60139.0,3143003.0,53810.0,,3255.0,60139.0,53810.0,3143003.0,0.0,0.0,0.0,0.0,0.0,0.0,,0.06049061512729976
再世权臣3下,93437.0,第十二集 ·  雨后风荷,12.0,2280.0,42975.0,1026838.0,28363.0,,2280.0,42975.0,28363.0,1026838.0,0.0,0.0,0.0,0.0,0.0,0.0,,0.08038641892606564
沉醉不醒,86740.0,დ400万福利剧场·桑拿,31.0,3198.0,73421.0,4353146.0,58103.0,,3198.0,73421.0,58103.0,4353146.0,0.0,0.0,0.0,0.0,0.0,0.0,,0.05504018725367021
太傅2,86723.0,小剧场·《龙床》,21.0,2725.0,35167.0,3983410.0,46921.0,,2725.0,35167.0,46921.0,3983410.0,0.0,0.0,0.0,0.0,0.0,0.0,,0.058076341083949615
蜉蝣,93202.0,ೀ˖˚  启动音试听·沈安,16.0,2324.0,39119.0,1411445.0,30159.0,,2324.0,39119.0,30159.0,1411445.0,0.0,0.0,0.0,0.0,0.0,0.0,,0.07705825789979774
降水概率百分百,93005.0,完结彩蛋 ♡ 晴天娃娃,18.0,1900.0,48044.0,2289309.0,31622.0,,1900.0,48044.0,31622.0,2289309.0,0.0,0.0,0.0,0.0,0.0,0.0,,0.060084751122636136
,nan,,,,,,,无法识别 drama_id,,,,,,,,,,,,
天官4,91718.0,新年小剧场《压岁钱》,11.0,8105.0,125321.0,13049410.0,137302.0,,8105.0,125321.0,137302.0,13049410.0,0.0,0.0,0.0,0.0,0.0,0.0,,0.05903045840555855
满城衣冠,90878.0,,,,,,,"getdrama失败: JSON 请求失败：https://www.missevan.com/dramaapi/getdrama?drama_id=90878
最后错误：403 Client Error: Forbidden for url: https://www.missevan.com/dramaapi/getdrama?drama_id=90878",,,,,,,,,,,,
伏特加与曼特宁,92988.0,✦店长来啦！⑧,9.0,1746.0,27202.0,2296159.0,67831.0,,1746.0,27202.0,67831.0,2296159.0,0.0,0.0,0.0,0.0,0.0,0.0,,0.025740443160206985
娑婆,93178.0,第十九集,22.0,1338.0,42772.0,2160131.0,39835.0,,1338.0,42772.0,39835.0,2160131.0,0.0,0.0,0.0,0.0,0.0,0.0,,0.0335885527802184
你的雪人能活多久 1,93787.0,小剧场05 · 特大八卦,11.0,1597.0,32454.0,1922735.0,63645.0,,1597.0,32454.0,63645.0,1922735.0,0.0,0.0,0.0,0.0,0.0,0.0,,0.025092308900934873
宋玉章1,86589.0,宋玉章 · 中秋节特别语音,6.0,1586.0,59047.0,5102064.0,49117.0,,1586.0,59047.0,49117.0,5102064.0,0.0,0.0,0.0,0.0,0.0,0.0,,0.03229024573976424
沉浮事（广播剧版）,94775.0,中秋小剧场·月下仙,9.0,1254.0,21006.0,1280865.0,18966.0,,1254.0,21006.0,18966.0,1280865.0,0.0,0.0,0.0,0.0,0.0,0.0,,0.06611831698829485
秋燥 1,93438.0,花絮⑤,13.0,1078.0,36314.0,771624.0,18617.0,,1078.0,36314.0,18617.0,771624.0,0.0,0.0,0.0,0.0,0.0,0.0,,0.05790406617607563
搭界 1,94617.0,中秋·剧场,18.0,1100.0,20287.0,572543.0,17615.0,,1100.0,20287.0,17615.0,572543.0,0.0,0.0,0.0,0.0,0.0,0.0,,0.06244677831393699
触礁,95034.0,中秋小剧场,10.0,1045.0,10216.0,551074.0,14433.0,,1045.0,10216.0,14433.0,551074.0,0.0,0.0,0.0,0.0,0.0,0.0,,0.07240351971177164
逆鳞,93750.0,微雪宫会客厅第四期,17.0,941.0,32754.0,694723.0,16962.0,,941.0,32754.0,16962.0,694723.0,0.0,0.0,0.0,0.0,0.0,0.0,,0.055476948473057425
炽火难熄,94917.0,中秋节福利语音 · 李庭言,7.0,875.0,15603.0,508799.0,22542.0,,875.0,15603.0,22542.0,508799.0,0.0,0.0,0.0,0.0,0.0,0.0,,0.03881643154999556
绰约,86680.0,律法小贴士·13则,13.0,745.0,11892.0,2470557.0,33230.0,,745.0,11892.0,33230.0,2470557.0,0.0,0.0,0.0,0.0,0.0,0.0,,0.022419500451399337
精神科医生神经了,93567.0,小剧场④做检查,25.0,566.0,23616.0,509752.0,15086.0,,566.0,23616.0,15086.0,509752.0,0.0,0.0,0.0,0.0,0.0,0.0,,0.03751822882142384
大王万万不可1,94259.0,第十五集·轮番上场,12.0,595.0,20236.0,587293.0,17208.0,,595.0,20236.0,17208.0,587293.0,0.0,0.0,0.0,0.0,0.0,0.0,,0.0345769409576941
难言之欲,94857.0,E7,6.0,515.0,15374.0,339904.0,11950.0,,515.0,15374.0,11950.0,339904.0,0.0,0.0,0.0,0.0,0.0,0.0,,0.04309623430962343
解瘾,94782.0,花絮6❃亲不动了要秃噜皮啦,8.0,478.0,11128.0,703487.0,15053.0,,478.0,11128.0,15053.0,703487.0,0.0,0.0,0.0,0.0,0.0,0.0,,0.03175446754799708
清白之年,94838.0,第十集·致橡树,5.0,468.0,9379.0,664022.0,15918.0,,468.0,9379.0,15918.0,664022.0,0.0,0.0,0.0,0.0,0.0,0.0,,0.029400678477195626
合笼蛊,94418.0,小剧场·中秋,9.0,313.0,9039.0,627146.0,10158.0,,313.0,9039.0,10158.0,627146.0,0.0,0.0,0.0,0.0,0.0,0.0,,0.03081315219531404
愚蠢的有钱人（广播剧版）,94873.0,第九集,9.0,248.0,6647.0,216908.0,8090.0,,248.0,6647.0,8090.0,216908.0,0.0,0.0,0.0,0.0,0.0,0.0,,0.030655129789864028
我在霸总文学里当家庭医生 上,91680.0,第十二集,9.0,86.0,4841.0,107743.0,8413.0,,86.0,4841.0,8413.0,107743.0,0.0,0.0,0.0,0.0,0.0,0.0,,0.010222275050517057
干涸地,86725.0,花絮01,2.0,94.0,1864.0,2335202.0,95666.0,,94.0,1864.0,95666.0,2335202.0,0.0,0.0,0.0,0.0,0.0,0.0,,0.0009825852444964773
请与我同眠,93966.0,花絮08·什么？！女娘？！！,12.0,31.0,341.0,85914.0,6468.0,,31.0,341.0,6468.0,85914.0,0.0,0.0,0.0,0.0,0.0,0.0,,0.00479282622139765
,nan,,,,,,,无法识别 drama_id,,,,,,,,,,,,
囚于永夜,86822.0,织音发布会纯享PV · 概念预告,0.0,0.0,0.0,5475528.0,324734.0,,0.0,0.0,324734.0,5475528.0,0.0,0.0,0.0,0.0,0.0,0.0,,0.0
旧故新长,86778.0,织音发布会PV,0.0,0.0,0.0,1430661.0,115052.0,,0.0,0.0,115052.0,1430661.0,0.0,0.0,0.0,0.0,0.0,0.0,,0.0
恒星时刻 第一季,94789.0,第四集♬Lion Heart,1.0,106.0,228.0,1741156.0,69525.0,,106.0,228.0,69525.0,1741156.0,0.0,0.0,0.0,0.0,0.0,0.0,,0.0015246314275440488
唇枪 上季,94802.0,织音发布会纯享PV,0.0,0.0,0.0,538384.0,24819.0,,0.0,0.0,24819.0,538384.0,0.0,0.0,0.0,0.0,0.0,0.0,,0.0
传闻,95625.0,✧IF特别放送 · 中秋篇,0.0,0.0,0.0,185986.0,9571.0,,0.0,0.0,9571.0,185986.0,0.0,0.0,0.0,0.0,0.0,0.0,,0.0
金嘉轩去了哪里 第一季,94831.0,先导剧场：一个人的七夕,0.0,0.0,0.0,48442.0,6993.0,,0.0,0.0,6993.0,48442.0,0.0,0.0,0.0,0.0,0.0,0.0,,0.0
二哈在狼群里疯狂造谣 第一季,94772.0,第2集·无中生崽,0.0,0.0,0.0,322254.0,11319.0,,0.0,0.0,11319.0,322254.0,0.0,0.0,0.0,0.0,0.0,0.0,,0.0
凶祟 第二季,94840.0,预告·长夜将至,0.0,0.0,0.0,57215.0,6601.0,,0.0,0.0,6601.0,57215.0,0.0,0.0,0.0,0.0,0.0,0.0,,0.0
高门深户,94861.0,织音发布会纯享PV,0.0,0.0,0.0,54309.0,4893.0,,0.0,0.0,4893.0,54309.0,0.0,0.0,0.0,0.0,0.0,0.0,,0.0
六重奏 第一季,94859.0,声展·张茜,0.0,0.0,0.0,190719.0,4717.0,,0.0,0.0,4717.0,190719.0,0.0,0.0,0.0,0.0,0.0,0.0,,0.0
沙子，时间，雨树,94825.0,˚₊⊹花絮1⊹₊˚,0.0,0.0,0.0,190713.0,9115.0,,0.0,0.0,9115.0,190713.0,0.0,0.0,0.0,0.0,0.0,0.0,,0.0
纯白恶魔 第一季,94773.0,织音发布会·纯享KV,0.0,0.0,0.0,162432.0,4366.0,,0.0,0.0,4366.0,162432.0,0.0,0.0,0.0,0.0,0.0,0.0,,0.0
祝祷月亮,94827.0,织音发布会 PV,0.0,0.0,0.0,16374.0,3269.0,,0.0,0.0,3269.0,16374.0,0.0,0.0,0.0,0.0,0.0,0.0,,0.0
全职高手4上,96092.0,中秋福利,1.0,105.0,988.0,132965.0,8481.0,,105.0,988.0,8481.0,132965.0,0.0,0.0,0.0,0.0,0.0,0.0,,0.012380615493455961
此湖之东,94819.0,先导花絮·角色讨论,0.0,0.0,0.0,8581.0,2214.0,,0.0,0.0,2214.0,8581.0,0.0,0.0,0.0,0.0,0.0,0.0,,0.0
耳机专属小剧场,95972.0,入戏丨耳机专属番外后来06,0.0,0.0,0.0,13223.0,752.0,,0.0,0.0,752.0,13223.0,0.0,0.0,0.0,0.0,0.0,0.0,,0.0
什刹海是海吗,94863.0,,,,,,,没有找到 sound_id,,,,,,,,,,,,
屏香记,94783.0,,,,,,,没有找到 sound_id,,,,,,,,,,,,
热的汤，软的面包,86816.0,1,0.0,0.0,0.0,,,getdramabysound 返回 success=False,0.0,0.0,,,0.0,0.0,,,,,,
,nan,,,,,,,无法识别 drama_id,,,,,,,,,,,,
r361,85562.0,番外9 跨年夜,255.0,6330.0,297041.0,29623025.0,65111.0,,6330.0,297041.0,65111.0,29623025.0,0.0,0.0,0.0,0.0,0.0,0.0,,0.09721859593617053
理想型,93439.0,鱼羊美谈·第六话,53.0,1326.0,39759.0,1843995.0,18956.0,,1326.0,39759.0,18956.0,1843995.0,0.0,0.0,0.0,0.0,0.0,0.0,,0.06995146655412535
赤霞珠,95114.0,处暑福利音·饮酒小贴士·唐渡,19.0,995.0,12760.0,417696.0,14671.0,,995.0,12760.0,14671.0,417696.0,0.0,0.0,0.0,0.0,0.0,0.0,,0.06782087110626406
日出风来,94444.0,♡福利音-房车雨夜♡,50.0,360.0,10916.0,429793.0,7630.0,,360.0,10916.0,7630.0,429793.0,0.0,0.0,0.0,0.0,0.0,0.0,,0.047182175622542594
,nan,,,,,,,无法识别 drama_id,,,,,,,,,,,,
尾钩（有声）,95503.0,第32集 · 错轨,25.0,1723.0,23591.0,1156446.0,24744.0,,1723.0,23591.0,24744.0,1156446.0,0.0,0.0,0.0,0.0,0.0,0.0,,0.06963304235370191
谁来言说夜晚 上,94321.0,第95集,78.0,1087.0,36361.0,2285803.0,17124.0,,1087.0,36361.0,17124.0,2285803.0,0.0,0.0,0.0,0.0,0.0,0.0,,0.06347815930857276
舍舟,93775.0,第一百一十一集：乱码,100.0,62.0,12948.0,87150.0,2097.0,,62.0,12948.0,2097.0,87150.0,0.0,0.0,0.0,0.0,0.0,0.0,,0.02956604673342871
,nan,,,,,,,无法识别 drama_id,,,,,,,,,,,,
灯花笑 上季,94733.0,配乐·风雪袭我身,16.0,2277.0,101274.0,4529308.0,63719.0,,2277.0,101274.0,63719.0,4529308.0,0.0,0.0,0.0,0.0,0.0,0.0,,0.0357350240901458
嫡谋 1,94462.0,第十三集·「韩园探秘」,11.0,59.0,9823.0,447022.0,10797.0,,59.0,9823.0,10797.0,447022.0,0.0,0.0,0.0,0.0,0.0,0.0,,0.00546448087431694
金陵春 1,94497.0,第十一集,8.0,35.0,5497.0,191834.0,6513.0,,35.0,5497.0,6513.0,191834.0,0.0,0.0,0.0,0.0,0.0,0.0,,0.0053738676493167515
任东西,94860.0,任东西·第九集,7.0,14.0,1853.0,96874.0,3550.0,,14.0,1853.0,3550.0,96874.0,0.0,0.0,0.0,0.0,0.0,0.0,,0.003943661971830986
我花开后百花杀 第一季,94893.0,小剧场 · 中秋之礼,4.0,4.0,2432.0,162802.0,5377.0,,4.0,2432.0,5377.0,162802.0,0.0,0.0,0.0,0.0,0.0,0.0,,0.0007439092430723452
乘鸾 第一季,94849.0,第六集·火中取栗,3.0,78.0,174.0,158811.0,5689.0,,78.0,174.0,5689.0,158811.0,0.0,0.0,0.0,0.0,0.0,0.0,,0.013710669713482159
是心跳说谎,95516.0,节日福利-中秋,1.0,70.0,2167.0,164956.0,7673.0,,70.0,2167.0,7673.0,164956.0,0.0,0.0,0.0,0.0,0.0,0.0,,0.009122898475172683
尚公主 第一季,95847.0,壹·有女怀芬芳,0.0,0.0,0.0,54350.0,3587.0,,0.0,0.0,3587.0,54350.0,0.0,0.0,0.0,0.0,0.0,0.0,,0.0
大唐辟珠记 第一季,94834.0,,,,,,,没有找到 sound_id,,,,,,,,,,,,
赛博BOSS,95678.0,视频花絮01,1.0,10.0,476.0,118103.0,5220.0,,10.0,476.0,5220.0,118103.0,0.0,0.0,0.0,0.0,0.0,0.0,,0.0019157088122605363
,nan,,,,,,,无法识别 drama_id,,,,,,,,,,,,
放学后别来我办公室,86868.0,第七课「等风来」,5.0,408.0,3859.0,788236.0,20369.0,,408.0,3859.0,20369.0,788236.0,0.0,0.0,0.0,0.0,0.0,0.0,,0.020030438411311306
玫瑰美人,94009.0,第十六期,13.0,208.0,9174.0,156879.0,8733.0,,208.0,9174.0,8733.0,156879.0,0.0,0.0,0.0,0.0,0.0,0.0,,0.023817702965762053
最红谐星 下,94605.0,✭第十二期✭,14.0,465.0,8181.0,60923.0,3603.0,,465.0,8181.0,3603.0,60923.0,0.0,0.0,0.0,0.0,0.0,0.0,,0.12905911740216486
茱丽叶塔,95106.0,「第八集」“世间所缺少的爱”,5.0,118.0,3271.0,101411.0,6454.0,,118.0,3271.0,6454.0,101411.0,0.0,0.0,0.0,0.0,0.0,0.0,,0.0182832352029749
,nan,,,,,,,无法识别 drama_id,,,,,,,,,,,,
沉入地球,93569.0,番外2 · 2021凌晨,95.0,854.0,16800.0,785657.0,12880.0,,854.0,16800.0,12880.0,785657.0,0.0,0.0,0.0,0.0,0.0,0.0,,0.06630434782608696
,nan,,,,,,,无法识别 drama_id,,,,,,,,,,,,
楚乌 第一季,94336.0,小剧场 离松观的日常2,10.0,157.0,1507.0,495678.0,9242.0,,157.0,1507.0,9242.0,495678.0,0.0,0.0,0.0,0.0,0.0,0.0,,0.016987665007574117
守寡后我重生了2 ,95212.0,中秋福利音· 陈敬宗,6.0,88.0,1499.0,194898.0,4899.0,,88.0,1499.0,4899.0,194898.0,0.0,0.0,0.0,0.0,0.0,0.0,,0.017962849561134926
错登科 1,94787.0,第十集·解语花,9.0,101.0,1248.0,167487.0,5757.0,,101.0,1248.0,5757.0,167487.0,0.0,0.0,0.0,0.0,0.0,0.0,,0.017543859649122806
爱意私藏,94517.0,小剧场2健身,10.0,20.0,3719.0,34125.0,1354.0,,20.0,3719.0,1354.0,34125.0,0.0,0.0,0.0,0.0,0.0,0.0,,0.014771048744460856
