剧名,url,更新集数,付费集数,id,总弹幕,播放量,追剧人数,抓取错误
回信,85974,OST A12 · 暗恋基本法,41,16393,138870,56190861,581031,
情蛊,86178,4000w福利·山大王,49,34320,459959,42889484,456772,
失忆后死对头成了我男朋友？,86693,花絮15·恢复,20,4949,83564,5679087,105974,
奇洛李维斯回信 番外篇,93420,番外 ·  庆生宴,2,3502,13148,1284410,77934,
,nan,,,,,,,无法识别 drama_id
一屋暗灯,93038,主役版主题曲▪未说的,14,16424,273619,13529978,210998,
洄天 1,86815,完结语音 · 高能量S级监护人的一天,14,11488,191448,28669397,249431,
惊封4,86834,特别放送 · emoji大挑战,15,9722,141781,8357749,147940,
一颗苹果,90818,完结FT · 谢谢光临,35,6227,118824,14248720,168637,
于是麦麦（注意限免）,86179,程凛生日番外✦礼物,34,6456,112566,6241677,115305,
再世3上,86827,花絮04 · 谢谢谢谢,10,3255,60139,3143003,53810,
再世权臣3下,93437,第十二集 ·  雨后风荷,12,2280,42975,1026838,28363,
沉醉不醒,86740,დ400万福利剧场·桑拿,31,3198,73421,4353146,58103,
太傅2,86723,小剧场·《龙床》,21,2725,35167,3983410,46921,
蜉蝣,93202,ೀ˖˚  启动音试听·沈安,16,2324,39119,1411445,30159,
降水概率百分百,93005,完结彩蛋 ♡ 晴天娃娃,18,1900,48044,2289309,31622,
,nan,,,,,,,无法识别 drama_id
天官4,91718,新年小剧场《压岁钱》,11,8105,125321,13049410,137302,
满城衣冠,90878,,,,,,,"getdrama失败: JSON 请求失败：https://www.missevan.com/dramaapi/getdrama?drama_id=90878
最后错误：403 Client Error: Forbidden for url: https://www.missevan.com/dramaapi/getdrama?drama_id=90878"
伏特加与曼特宁,92988,✦店长来啦！⑧,9,1746,27202,2296159,67831,
娑婆,93178,第十九集,22,1338,42772,2160131,39835,
你的雪人能活多久 1,93787,小剧场05 · 特大八卦,11,1597,32454,1922735,63645,
宋玉章1,86589,宋玉章 · 中秋节特别语音,6,1586,59047,5102064,49117,
沉浮事（广播剧版）,94775,中秋小剧场·月下仙,9,1254,21006,1280865,18966,
秋燥 1,93438,花絮⑤,13,1078,36314,771624,18617,
搭界 1,94617,中秋·剧场,18,1100,20287,572543,17615,
触礁,95034,中秋小剧场,10,1045,10216,551074,14433,
逆鳞,93750,微雪宫会客厅第四期,17,941,32754,694723,16962,
炽火难熄,94917,中秋节福利语音 · 李庭言,7,875,15603,508799,22542,
绰约,86680,律法小贴士·13则,13,745,11892,2470557,33230,
精神科医生神经了,93567,小剧场④做检查,25,566,23616,509752,15086,
大王万万不可1,94259,第十五集·轮番上场,12,595,20236,587293,17208,
难言之欲,94857,E7,6,515,15374,339904,11950,
解瘾,94782,花絮6❃亲不动了要秃噜皮啦,8,478,11128,703487,15053,
清白之年,94838,第十集·致橡树,5,468,9379,664022,15918,
合笼蛊,94418,小剧场·中秋,9,313,9039,627146,10158,
愚蠢的有钱人（广播剧版）,94873,第九集,9,248,6647,216908,8090,
我在霸总文学里当家庭医生 上,91680,第十二集,9,86,4841,107743,8413,
干涸地,86725,花絮01,2,94,1864,2335202,95666,
请与我同眠,93966,花絮08·什么？！女娘？！！,12,31,341,85914,6468,
,nan,,,,,,,无法识别 drama_id
囚于永夜,86822,织音发布会纯享PV · 概念预告,0,0,0,5475528,324734,
旧故新长,86778,织音发布会PV,0,0,0,1430661,115052,
恒星时刻 第一季,94789,第四集♬Lion Heart,1,106,228,1741156,69525,
唇枪 上季,94802,织音发布会纯享PV,0,0,0,538384,24819,
传闻,95625,✧IF特别放送 · 中秋篇,0,0,0,185986,9571,
金嘉轩去了哪里 第一季,94831,先导剧场：一个人的七夕,0,0,0,48442,6993,
二哈在狼群里疯狂造谣 第一季,94772,第2集·无中生崽,0,0,0,322254,11319,
凶祟 第二季,94840,预告·长夜将至,0,0,0,57215,6601,
高门深户,94861,织音发布会纯享PV,0,0,0,54309,4893,
六重奏 第一季,94859,声展·张茜,0,0,0,190719,4717,
沙子，时间，雨树,94825,˚₊⊹花絮1⊹₊˚,0,0,0,190713,9115,
纯白恶魔 第一季,94773,织音发布会·纯享KV,0,0,0,162432,4366,
祝祷月亮,94827,织音发布会 PV,0,0,0,16374,3269,
全职高手4上,96092,中秋福利,1,105,988,132965,8481,
此湖之东,94819,先导花絮·角色讨论,0,0,0,8581,2214,
耳机专属小剧场,95972,入戏丨耳机专属番外后来06,0,0,0,13223,752,
什刹海是海吗,94863,,,,,,,没有找到 sound_id
屏香记,94783,,,,,,,没有找到 sound_id
热的汤，软的面包,86816,1,0,0,0,,,getdramabysound 返回 success=False
,nan,,,,,,,无法识别 drama_id
r361,85562,番外9 跨年夜,255,6330,297041,29623025,65111,
理想型,93439,鱼羊美谈·第六话,53,1326,39759,1843995,18956,
赤霞珠,95114,处暑福利音·饮酒小贴士·唐渡,19,995,12760,417696,14671,
日出风来,94444,♡福利音-房车雨夜♡,50,360,10916,429793,7630,
,nan,,,,,,,无法识别 drama_id
尾钩（有声）,95503,第32集 · 错轨,25,1723,23591,1156446,24744,
谁来言说夜晚 上,94321,第95集,78,1087,36361,2285803,17124,
舍舟,93775,第一百一十一集：乱码,100,62,12948,87150,2097,
,nan,,,,,,,无法识别 drama_id
灯花笑 上季,94733,配乐·风雪袭我身,16,2277,101274,4529308,63719,
嫡谋 1,94462,第十三集·「韩园探秘」,11,59,9823,447022,10797,
金陵春 1,94497,第十一集,8,35,5497,191834,6513,
任东西,94860,任东西·第九集,7,14,1853,96874,3550,
我花开后百花杀 第一季,94893,小剧场 · 中秋之礼,4,4,2432,162802,5377,
乘鸾 第一季,94849,第六集·火中取栗,3,78,174,158811,5689,
是心跳说谎,95516,节日福利-中秋,1,70,2167,164956,7673,
尚公主 第一季,95847,壹·有女怀芬芳,0,0,0,54350,3587,
大唐辟珠记 第一季,94834,,,,,,,没有找到 sound_id
赛博BOSS,95678,视频花絮01,1,10,476,118103,5220,
,nan,,,,,,,无法识别 drama_id
放学后别来我办公室,86868,第七课「等风来」,5,408,3859,788236,20369,
玫瑰美人,94009,第十六期,13,208,9174,156879,8733,
最红谐星 下,94605,✭第十二期✭,14,465,8181,60923,3603,
茱丽叶塔,95106,「第八集」“世间所缺少的爱”,5,118,3271,101411,6454,
,nan,,,,,,,无法识别 drama_id
沉入地球,93569,番外2 · 2021凌晨,95,854,16800,785657,12880,
,nan,,,,,,,无法识别 drama_id
楚乌 第一季,94336,小剧场 离松观的日常2,10,157,1507,495678,9242,
守寡后我重生了2 ,95212,中秋福利音· 陈敬宗,6,88,1499,194898,4899,
错登科 1,94787,第十集·解语花,9,101,1248,167487,5757,
爱意私藏,94517,小剧场2健身,10,20,3719,34125,1354,
